{"cameraMode":{"drawMode":0,"name":"Shaded","section":"Shading Mode"},"sceneLighting":false,"audioPlay":false,"sceneViewState":{"showFog":true,"showMaterialUpdate":false,"showSkybox":false,"showFlares":true,"showImageEffects":true,"showParticleSystems":true},"in2DMode":false,"pivot":{"x":9.5367431640625e-7,"y":0.0,"z":-0.0000019073486328125},"rotation":{"x":-0.003994331695139408,"y":0.9954908490180969,"z":-0.08112187683582306,"w":-0.04901685193181038},"size":80.83316802978516,"orthographic":false}