{"cameraMode":{"drawMode":0,"name":"Shaded","section":"Shading Mode"},"sceneLighting":false,"audioPlay":false,"sceneViewState":{"showFog":true,"showMaterialUpdate":false,"showSkybox":false,"showFlares":true,"showImageEffects":true,"showParticleSystems":true},"in2DMode":false,"pivot":{"x":0.051520347595214847,"y":39.297813415527347,"z":3.6193807125091554},"rotation":{"x":-0.14206969738006593,"y":0.439297080039978,"z":-0.07058241963386536,"w":-0.8842254281044006},"size":2.595311403274536,"orthographic":false}