{"cameraMode":{"drawMode":0,"name":"Shaded","section":"Shading Mode"},"sceneLighting":false,"audioPlay":false,"sceneViewState":{"showFog":true,"showMaterialUpdate":false,"showSkybox":false,"showFlares":true,"showImageEffects":true,"showParticleSystems":true},"in2DMode":false,"pivot":{"x":0.40367889404296877,"y":-3.7177724838256838,"z":2.8278751373291017},"rotation":{"x":-0.1177004873752594,"y":0.8793063759803772,"z":-0.28536415100097659,"w":-0.362676203250885},"size":30.46349334716797,"orthographic":false}