{"cameraMode":{"drawMode":0,"name":"Shaded","section":"Shading Mode"},"sceneLighting":false,"audioPlay":false,"sceneViewState":{"showFog":true,"showMaterialUpdate":false,"showSkybox":false,"showFlares":true,"showImageEffects":true,"showParticleSystems":true},"in2DMode":false,"pivot":{"x":-6.229118347167969,"y":-12.439117431640625,"z":5.281414031982422},"rotation":{"x":-0.20318539440631867,"y":0.7852679491043091,"z":-0.4823272228240967,"w":-0.3308023512363434},"size":92.24406433105469,"orthographic":false}